viewer_id,name,age,country,subscription
5000,Viewer 0,59,Germany,premium
5001,Viewer 1,54,France,premium
5002,Viewer 2,16,Spain,free
5003,Viewer 3,60,Italy,free
5004,Viewer 4,19,USA,premium
5005,Viewer 5,37,France,premium
5006,Viewer 6,69,UK,free
5007,Viewer 7,76,Germany,free
5008,Viewer 8,57,UK,free
5009,Viewer 9,61,UK,premium
5010,Viewer 10,74,Germany,premium
5011,Viewer 11,56,USA,premium
5012,Viewer 12,62,Germany,premium
5013,Viewer 13,47,Germany,free
5014,Viewer 14,54,Italy,premium
5015,Viewer 15,19,USA,free
5016,Viewer 16,79,Italy,free
5017,Viewer 17,22,Germany,premium
5018,Viewer 18,59,Spain,premium
5019,Viewer 19,42,Germany,premium
5020,Viewer 20,34,UK,premium
5021,Viewer 21,51,Spain,free
5022,Viewer 22,29,Germany,premium
5023,Viewer 23,73,UK,premium
5024,Viewer 24,23,Germany,premium
5025,Viewer 25,74,USA,premium
5026,Viewer 26,60,France,premium
5027,Viewer 27,26,Italy,premium
5028,Viewer 28,44,Spain,free
5029,Viewer 29,61,Germany,free
5030,Viewer 30,44,Spain,free
5031,Viewer 31,29,UK,premium
5032,Viewer 32,36,USA,premium
5033,Viewer 33,61,Italy,premium
5034,Viewer 34,37,Germany,premium
5035,Viewer 35,71,Italy,free
5036,Viewer 36,36,France,premium
5037,Viewer 37,41,Spain,free
5038,Viewer 38,21,UK,premium
5039,Viewer 39,56,Spain,premium
5040,Viewer 40,79,Germany,premium
5041,Viewer 41,54,USA,free
5042,Viewer 42,18,Italy,premium
5043,Viewer 43,50,Italy,free
5044,Viewer 44,37,Italy,premium
5045,Viewer 45,53,France,premium
5046,Viewer 46,65,Germany,premium
5047,Viewer 47,68,UK,free
5048,Viewer 48,16,France,premium
5049,Viewer 49,43,Spain,free
5050,Viewer 50,49,Italy,premium
5051,Viewer 51,75,Germany,premium
5052,Viewer 52,67,UK,free
5053,Viewer 53,76,USA,premium
5054,Viewer 54,18,Germany,premium
5055,Viewer 55,56,Spain,premium
5056,Viewer 56,71,Spain,free
5057,Viewer 57,39,France,premium
5058,Viewer 58,78,Italy,free
5059,Viewer 59,18,Germany,free
5060,Viewer 60,28,USA,free
5061,Viewer 61,79,Italy,free
5062,Viewer 62,40,USA,free
5063,Viewer 63,68,Italy,free
5064,Viewer 64,73,Germany,free
5065,Viewer 65,34,Italy,premium
5066,Viewer 66,17,Italy,premium
5067,Viewer 67,40,UK,free
5068,Viewer 68,70,Italy,free
5069,Viewer 69,37,France,free
5070,Viewer 70,54,Germany,free
5071,Viewer 71,23,Spain,free
5072,Viewer 72,17,USA,premium
5073,Viewer 73,45,Germany,premium
5074,Viewer 74,16,France,free
5075,Viewer 75,60,France,free
5076,Viewer 76,78,Germany,free
5077,Viewer 77,34,Spain,free
5078,Viewer 78,48,USA,premium
5079,Viewer 79,65,Italy,free
5080,Viewer 80,51,Italy,premium
5081,Viewer 81,22,UK,free
5082,Viewer 82,19,Spain,premium
5083,Viewer 83,57,Spain,free
5084,Viewer 84,40,Germany,premium
5085,Viewer 85,18,Germany,free
5086,Viewer 86,44,France,free
5087,Viewer 87,56,USA,premium
5088,Viewer 88,53,UK,free
5089,Viewer 89,66,Germany,premium
5090,Viewer 90,68,Spain,free
5091,Viewer 91,26,Germany,premium
5092,Viewer 92,60,Italy,premium
5093,Viewer 93,69,France,premium
5094,Viewer 94,24,USA,premium
5095,Viewer 95,35,Italy,free
5096,Viewer 96,22,Germany,free
5097,Viewer 97,57,USA,free
5098,Viewer 98,25,Germany,free
5099,Viewer 99,29,USA,premium
5100,Viewer 100,59,UK,premium
5101,Viewer 101,31,UK,premium
5102,Viewer 102,47,Italy,premium
5103,Viewer 103,58,Germany,free
5104,Viewer 104,45,France,premium
5105,Viewer 105,20,Italy,free
5106,Viewer 106,64,France,free
5107,Viewer 107,32,Spain,free
5108,Viewer 108,73,France,premium
5109,Viewer 109,30,USA,free
5110,Viewer 110,43,Germany,premium
5111,Viewer 111,41,Germany,free
5112,Viewer 112,40,USA,premium
5113,Viewer 113,68,USA,premium
5114,Viewer 114,72,France,premium
5115,Viewer 115,28,Germany,free
5116,Viewer 116,64,Spain,free
5117,Viewer 117,30,France,premium
5118,Viewer 118,76,Germany,free
5119,Viewer 119,30,Spain,free
5120,Viewer 120,49,Germany,free
5121,Viewer 121,24,France,free
5122,Viewer 122,38,Italy,free
5123,Viewer 123,75,USA,premium
5124,Viewer 124,67,Spain,premium
5125,Viewer 125,50,UK,premium
5126,Viewer 126,50,France,free
5127,Viewer 127,47,France,premium
5128,Viewer 128,54,Italy,free
5129,Viewer 129,45,UK,premium
5130,Viewer 130,36,France,premium
5131,Viewer 131,51,France,free
5132,Viewer 132,17,Germany,premium
5133,Viewer 133,65,Spain,free
5134,Viewer 134,73,Italy,premium
5135,Viewer 135,72,Germany,free
5136,Viewer 136,77,UK,premium
5137,Viewer 137,48,Germany,free
5138,Viewer 138,68,France,free
5139,Viewer 139,42,Germany,premium
5140,Viewer 140,19,UK,free
5141,Viewer 141,16,Germany,premium
5142,Viewer 142,34,Germany,premium
5143,Viewer 143,65,Spain,free
5144,Viewer 144,57,UK,premium
5145,Viewer 145,47,Italy,free
5146,Viewer 146,26,UK,free
5147,Viewer 147,25,USA,free
5148,Viewer 148,39,Italy,premium
5149,Viewer 149,45,France,free
5150,Viewer 150,44,USA,premium
5151,Viewer 151,52,Spain,premium
5152,Viewer 152,59,France,free
5153,Viewer 153,54,Germany,premium
5154,Viewer 154,29,USA,premium
5155,Viewer 155,20,USA,free
5156,Viewer 156,19,Spain,premium
5157,Viewer 157,46,UK,premium
5158,Viewer 158,28,UK,premium
5159,Viewer 159,39,USA,premium
5160,Viewer 160,70,Spain,free
5161,Viewer 161,62,France,free
5162,Viewer 162,22,USA,free
5163,Viewer 163,75,UK,premium
5164,Viewer 164,74,France,premium
5165,Viewer 165,78,Italy,free
5166,Viewer 166,64,Italy,premium
5167,Viewer 167,73,UK,premium
5168,Viewer 168,32,France,premium
5169,Viewer 169,58,UK,free
5170,Viewer 170,57,UK,free
5171,Viewer 171,58,UK,premium
5172,Viewer 172,69,Italy,premium
5173,Viewer 173,60,UK,premium
5174,Viewer 174,18,France,premium
5175,Viewer 175,17,USA,premium
5176,Viewer 176,25,USA,free
5177,Viewer 177,64,Italy,premium
5178,Viewer 178,57,Spain,free
5179,Viewer 179,24,Germany,free
5180,Viewer 180,47,Spain,free
5181,Viewer 181,48,Germany,premium
5182,Viewer 182,30,Italy,premium
5183,Viewer 183,31,USA,premium
5184,Viewer 184,24,Spain,premium
5185,Viewer 185,27,Italy,premium
5186,Viewer 186,79,UK,premium
5187,Viewer 187,50,Spain,premium
5188,Viewer 188,55,Spain,premium
5189,Viewer 189,19,USA,free
5190,Viewer 190,39,France,free
5191,Viewer 191,19,Spain,free
5192,Viewer 192,32,Germany,premium
5193,Viewer 193,66,USA,free
5194,Viewer 194,43,UK,premium
5195,Viewer 195,49,France,free
5196,Viewer 196,78,France,free
5197,Viewer 197,60,UK,premium
5198,Viewer 198,44,Spain,free
5199,Viewer 199,64,USA,free
5200,Viewer 200,19,UK,premium
5201,Viewer 201,70,Spain,free
5202,Viewer 202,19,Italy,premium
5203,Viewer 203,48,Spain,premium
5204,Viewer 204,47,UK,premium
5205,Viewer 205,41,Spain,premium
5206,Viewer 206,25,Spain,premium
5207,Viewer 207,31,Germany,premium
5208,Viewer 208,22,UK,free
5209,Viewer 209,50,Spain,free
5210,Viewer 210,34,Germany,free
5211,Viewer 211,63,Spain,premium
5212,Viewer 212,37,Italy,free
5213,Viewer 213,68,UK,free
5214,Viewer 214,53,France,premium
5215,Viewer 215,63,Spain,free
5216,Viewer 216,48,USA,premium
5217,Viewer 217,75,Spain,free
5218,Viewer 218,30,Spain,free
5219,Viewer 219,31,Italy,premium
5220,Viewer 220,67,Germany,premium
5221,Viewer 221,46,Spain,premium
5222,Viewer 222,60,USA,premium
5223,Viewer 223,63,Italy,premium
5224,Viewer 224,21,Italy,free
5225,Viewer 225,22,Spain,premium
5226,Viewer 226,19,Spain,free
5227,Viewer 227,25,Italy,free
5228,Viewer 228,72,USA,premium
5229,Viewer 229,39,Italy,free
5230,Viewer 230,55,France,free
5231,Viewer 231,46,Italy,premium
5232,Viewer 232,64,Spain,free
5233,Viewer 233,56,Germany,free
5234,Viewer 234,75,Spain,premium
5235,Viewer 235,59,Germany,premium
5236,Viewer 236,62,France,premium
5237,Viewer 237,55,France,free
5238,Viewer 238,65,USA,premium
5239,Viewer 239,33,UK,free
5240,Viewer 240,64,UK,free
5241,Viewer 241,45,Germany,premium
5242,Viewer 242,21,Italy,free
5243,Viewer 243,28,USA,free
5244,Viewer 244,34,USA,free
5245,Viewer 245,22,UK,premium
5246,Viewer 246,61,Italy,free
5247,Viewer 247,55,France,premium
5248,Viewer 248,24,Spain,premium
5249,Viewer 249,61,UK,premium
5250,Viewer 250,16,USA,premium
5251,Viewer 251,70,USA,premium
5252,Viewer 252,20,Spain,premium
5253,Viewer 253,34,Italy,free
5254,Viewer 254,52,UK,free
5255,Viewer 255,30,Italy,free
5256,Viewer 256,73,France,premium
5257,Viewer 257,70,UK,premium
5258,Viewer 258,22,USA,premium
5259,Viewer 259,23,UK,premium
5260,Viewer 260,50,Germany,premium
5261,Viewer 261,39,France,free
5262,Viewer 262,53,France,free
5263,Viewer 263,19,Germany,premium
5264,Viewer 264,50,USA,premium
5265,Viewer 265,21,USA,free
5266,Viewer 266,44,USA,premium
5267,Viewer 267,22,Spain,free
5268,Viewer 268,68,Germany,premium
5269,Viewer 269,57,USA,free
5270,Viewer 270,29,Spain,free
5271,Viewer 271,49,Spain,free
5272,Viewer 272,32,UK,premium
5273,Viewer 273,39,Germany,premium
5274,Viewer 274,44,USA,premium
5275,Viewer 275,32,USA,premium
5276,Viewer 276,33,UK,free
5277,Viewer 277,50,Spain,premium
5278,Viewer 278,59,Germany,premium
5279,Viewer 279,64,USA,free
5280,Viewer 280,78,Italy,premium
5281,Viewer 281,20,Italy,premium
5282,Viewer 282,54,USA,free
5283,Viewer 283,65,UK,premium
5284,Viewer 284,41,Germany,free
5285,Viewer 285,55,Spain,free
5286,Viewer 286,55,USA,premium
5287,Viewer 287,68,Italy,free
5288,Viewer 288,79,USA,free
5289,Viewer 289,76,Spain,premium
5290,Viewer 290,30,UK,free
5291,Viewer 291,77,Germany,premium
5292,Viewer 292,59,Italy,free
5293,Viewer 293,62,Spain,premium
5294,Viewer 294,40,France,premium
5295,Viewer 295,72,Spain,free
5296,Viewer 296,71,France,premium
5297,Viewer 297,68,Spain,free
5298,Viewer 298,41,Spain,premium
5299,Viewer 299,68,USA,premium
5300,Viewer 300,38,France,free
5301,Viewer 301,22,USA,premium
5302,Viewer 302,66,France,premium
5303,Viewer 303,66,Spain,free
5304,Viewer 304,61,Spain,premium
5305,Viewer 305,18,Spain,premium
5306,Viewer 306,40,Italy,premium
5307,Viewer 307,29,France,free
5308,Viewer 308,25,Italy,free
5309,Viewer 309,62,France,free
5310,Viewer 310,65,Italy,free
5311,Viewer 311,50,France,premium
5312,Viewer 312,17,Italy,premium
5313,Viewer 313,24,France,premium
5314,Viewer 314,46,Italy,premium
5315,Viewer 315,48,Germany,premium
5316,Viewer 316,59,Germany,premium
5317,Viewer 317,24,Italy,free
5318,Viewer 318,19,UK,premium
5319,Viewer 319,42,France,free
5320,Viewer 320,69,USA,premium
5321,Viewer 321,21,Germany,free
5322,Viewer 322,55,Germany,free
5323,Viewer 323,76,Germany,premium
5324,Viewer 324,30,USA,free
5325,Viewer 325,77,Italy,free
5326,Viewer 326,65,Germany,free
5327,Viewer 327,68,UK,free
5328,Viewer 328,51,USA,free
5329,Viewer 329,25,Italy,free
5330,Viewer 330,21,Italy,premium
5331,Viewer 331,43,Italy,free
5332,Viewer 332,22,UK,premium
5333,Viewer 333,28,UK,free
5334,Viewer 334,27,USA,premium
5335,Viewer 335,60,Italy,free
5336,Viewer 336,55,UK,premium
5337,Viewer 337,22,Italy,premium
5338,Viewer 338,73,UK,premium
5339,Viewer 339,49,Spain,free
5340,Viewer 340,34,USA,free
5341,Viewer 341,48,Germany,free
5342,Viewer 342,71,Italy,premium
5343,Viewer 343,25,Spain,free
5344,Viewer 344,79,France,free
5345,Viewer 345,26,UK,free
5346,Viewer 346,36,Germany,free
5347,Viewer 347,44,Italy,premium
5348,Viewer 348,18,Italy,premium
5349,Viewer 349,69,France,premium
5350,Viewer 350,58,Italy,free
5351,Viewer 351,61,Spain,premium
5352,Viewer 352,72,UK,free
5353,Viewer 353,66,Italy,premium
5354,Viewer 354,41,France,premium
5355,Viewer 355,69,USA,free
5356,Viewer 356,29,Germany,premium
5357,Viewer 357,64,France,free
5358,Viewer 358,22,USA,premium
5359,Viewer 359,18,Italy,free
5360,Viewer 360,34,Italy,free
5361,Viewer 361,45,Germany,premium
5362,Viewer 362,79,UK,premium
5363,Viewer 363,51,Germany,free
5364,Viewer 364,47,USA,premium
5365,Viewer 365,41,France,premium
5366,Viewer 366,34,Spain,premium
5367,Viewer 367,77,Italy,premium
5368,Viewer 368,36,France,premium
5369,Viewer 369,39,Italy,premium
5370,Viewer 370,79,Italy,premium
5371,Viewer 371,38,Italy,premium
5372,Viewer 372,23,Italy,premium
5373,Viewer 373,76,Spain,premium
5374,Viewer 374,79,Spain,premium
5375,Viewer 375,31,USA,free
5376,Viewer 376,75,Germany,free
5377,Viewer 377,64,USA,free
5378,Viewer 378,16,France,premium
5379,Viewer 379,66,Spain,premium
5380,Viewer 380,68,Spain,free
5381,Viewer 381,70,UK,free
5382,Viewer 382,26,Italy,free
5383,Viewer 383,50,France,premium
5384,Viewer 384,45,Italy,premium
5385,Viewer 385,58,USA,premium
5386,Viewer 386,28,Italy,free
5387,Viewer 387,76,Italy,premium
5388,Viewer 388,56,Italy,premium
5389,Viewer 389,26,UK,free
5390,Viewer 390,21,Germany,free
5391,Viewer 391,46,Germany,premium
5392,Viewer 392,56,Spain,free
5393,Viewer 393,61,France,premium
5394,Viewer 394,73,Germany,free
5395,Viewer 395,29,Italy,premium
5396,Viewer 396,57,France,free
5397,Viewer 397,62,Germany,free
5398,Viewer 398,59,UK,free
5399,Viewer 399,58,USA,free
5400,Viewer 400,42,Italy,premium
5401,Viewer 401,31,France,free
5402,Viewer 402,17,Spain,free
5403,Viewer 403,73,Italy,free
5404,Viewer 404,64,USA,premium
5405,Viewer 405,28,USA,premium
5406,Viewer 406,39,Italy,premium
5407,Viewer 407,55,UK,premium
5408,Viewer 408,41,UK,premium
5409,Viewer 409,47,UK,free
5410,Viewer 410,39,USA,free
5411,Viewer 411,22,UK,free
5412,Viewer 412,75,UK,premium
5413,Viewer 413,76,USA,premium
5414,Viewer 414,28,Italy,premium
5415,Viewer 415,50,Germany,free
5416,Viewer 416,48,France,premium
5417,Viewer 417,62,Germany,free
5418,Viewer 418,63,Spain,premium
5419,Viewer 419,49,Italy,free
5420,Viewer 420,61,Germany,premium
5421,Viewer 421,69,UK,premium
5422,Viewer 422,27,Germany,free
5423,Viewer 423,61,USA,free
5424,Viewer 424,26,Germany,free
5425,Viewer 425,40,France,free
5426,Viewer 426,53,Italy,free
5427,Viewer 427,34,Spain,premium
5428,Viewer 428,54,Germany,premium
5429,Viewer 429,60,USA,premium
5430,Viewer 430,28,France,premium
5431,Viewer 431,20,Germany,premium
5432,Viewer 432,18,Germany,premium
5433,Viewer 433,20,USA,premium
5434,Viewer 434,66,Italy,free
5435,Viewer 435,59,Italy,free
5436,Viewer 436,28,UK,free
5437,Viewer 437,68,France,free
5438,Viewer 438,78,Germany,premium
5439,Viewer 439,60,Spain,free
5440,Viewer 440,55,Germany,free
5441,Viewer 441,74,Germany,premium
5442,Viewer 442,61,France,free
5443,Viewer 443,56,Italy,free
5444,Viewer 444,24,Spain,premium
5445,Viewer 445,46,Spain,free
5446,Viewer 446,18,Italy,premium
5447,Viewer 447,50,USA,premium
5448,Viewer 448,46,Germany,premium
5449,Viewer 449,75,UK,free
5450,Viewer 450,37,Germany,free
5451,Viewer 451,41,Italy,premium
5452,Viewer 452,36,UK,premium
5453,Viewer 453,28,Italy,premium
5454,Viewer 454,24,USA,free
5455,Viewer 455,70,USA,free
5456,Viewer 456,70,USA,free
5457,Viewer 457,53,USA,premium
5458,Viewer 458,24,Germany,premium
5459,Viewer 459,49,Spain,free
5460,Viewer 460,38,USA,premium
5461,Viewer 461,63,Italy,free
5462,Viewer 462,45,UK,premium
5463,Viewer 463,73,France,premium
5464,Viewer 464,68,Spain,free
5465,Viewer 465,78,France,free
5466,Viewer 466,28,Germany,free
5467,Viewer 467,59,UK,free
5468,Viewer 468,45,Germany,premium
5469,Viewer 469,57,Spain,premium
5470,Viewer 470,79,Italy,free
5471,Viewer 471,71,France,premium
5472,Viewer 472,79,UK,premium
5473,Viewer 473,23,Spain,free
5474,Viewer 474,34,France,free
5475,Viewer 475,42,Spain,premium
5476,Viewer 476,20,USA,free
5477,Viewer 477,67,USA,premium
5478,Viewer 478,34,USA,premium
5479,Viewer 479,43,USA,premium
5480,Viewer 480,75,Germany,free
5481,Viewer 481,46,Germany,free
5482,Viewer 482,54,Germany,premium
5483,Viewer 483,68,Spain,free
5484,Viewer 484,40,USA,free
5485,Viewer 485,30,UK,premium
5486,Viewer 486,79,USA,premium
5487,Viewer 487,39,Spain,free
5488,Viewer 488,28,Germany,premium
5489,Viewer 489,51,UK,premium
5490,Viewer 490,64,Germany,free
5491,Viewer 491,68,Italy,premium
5492,Viewer 492,49,Germany,free
5493,Viewer 493,71,Italy,free
5494,Viewer 494,40,USA,premium
5495,Viewer 495,56,France,premium
5496,Viewer 496,16,Italy,premium
5497,Viewer 497,23,Germany,free
5498,Viewer 498,26,UK,free
5499,Viewer 499,43,Spain,free
5500,Viewer 500,58,Italy,premium
5501,Viewer 501,52,Italy,free
5502,Viewer 502,79,Germany,free
5503,Viewer 503,59,France,free
5504,Viewer 504,67,USA,free
5505,Viewer 505,20,France,free
5506,Viewer 506,18,Italy,free
5507,Viewer 507,56,USA,premium
5508,Viewer 508,71,UK,premium
5509,Viewer 509,75,Germany,premium
5510,Viewer 510,38,Spain,free
5511,Viewer 511,49,France,premium
5512,Viewer 512,52,France,free
5513,Viewer 513,20,France,free
5514,Viewer 514,32,Italy,free
5515,Viewer 515,19,Italy,free
5516,Viewer 516,70,Spain,free
5517,Viewer 517,20,USA,premium
5518,Viewer 518,69,USA,free
5519,Viewer 519,56,Spain,free
5520,Viewer 520,74,Spain,free
5521,Viewer 521,35,Germany,free
5522,Viewer 522,32,Italy,premium
5523,Viewer 523,63,France,free
5524,Viewer 524,36,Italy,premium
5525,Viewer 525,74,UK,free
5526,Viewer 526,35,USA,premium
5527,Viewer 527,64,Spain,free
5528,Viewer 528,55,Germany,premium
5529,Viewer 529,60,Italy,free
5530,Viewer 530,44,UK,premium
5531,Viewer 531,22,Spain,premium
5532,Viewer 532,62,Germany,premium
5533,Viewer 533,60,Spain,premium
5534,Viewer 534,45,Germany,free
5535,Viewer 535,18,France,free
5536,Viewer 536,16,Germany,free
5537,Viewer 537,32,Spain,free
5538,Viewer 538,70,Italy,premium
5539,Viewer 539,22,USA,premium
5540,Viewer 540,19,UK,free
5541,Viewer 541,79,UK,free
5542,Viewer 542,56,USA,free
5543,Viewer 543,28,France,premium
5544,Viewer 544,63,USA,free
5545,Viewer 545,60,USA,premium
5546,Viewer 546,49,USA,free
5547,Viewer 547,63,France,premium
5548,Viewer 548,26,Germany,premium
5549,Viewer 549,19,Italy,free
5550,Viewer 550,16,Spain,free
5551,Viewer 551,59,France,premium
5552,Viewer 552,69,France,premium
5553,Viewer 553,45,France,premium
5554,Viewer 554,50,France,premium
5555,Viewer 555,61,USA,premium
5556,Viewer 556,41,Spain,free
5557,Viewer 557,48,France,premium
5558,Viewer 558,36,Germany,free
5559,Viewer 559,35,Spain,premium
5560,Viewer 560,73,USA,premium
5561,Viewer 561,36,Spain,premium
5562,Viewer 562,72,Germany,free
5563,Viewer 563,58,Germany,free
5564,Viewer 564,18,USA,free
5565,Viewer 565,68,UK,free
5566,Viewer 566,22,Spain,free
5567,Viewer 567,57,USA,free
5568,Viewer 568,49,USA,free
5569,Viewer 569,67,USA,premium
5570,Viewer 570,36,Germany,free
5571,Viewer 571,54,Italy,free
5572,Viewer 572,73,UK,free
5573,Viewer 573,66,USA,premium
5574,Viewer 574,60,Germany,free
5575,Viewer 575,69,USA,premium
5576,Viewer 576,29,Italy,free
5577,Viewer 577,66,Spain,premium
5578,Viewer 578,18,Italy,free
5579,Viewer 579,53,UK,free
5580,Viewer 580,41,USA,premium
5581,Viewer 581,79,Spain,free
5582,Viewer 582,62,USA,free
5583,Viewer 583,69,Italy,free
5584,Viewer 584,62,UK,free
5585,Viewer 585,76,UK,free
5586,Viewer 586,39,USA,free
5587,Viewer 587,75,USA,premium
5588,Viewer 588,75,Italy,premium
5589,Viewer 589,44,Germany,premium
5590,Viewer 590,77,UK,free
5591,Viewer 591,29,Germany,free
5592,Viewer 592,60,Spain,free
5593,Viewer 593,27,Italy,premium
5594,Viewer 594,52,UK,premium
5595,Viewer 595,17,France,free
5596,Viewer 596,73,France,premium
5597,Viewer 597,33,UK,free
5598,Viewer 598,18,Germany,free
5599,Viewer 599,71,UK,premium
5600,Viewer 600,42,USA,free
5601,Viewer 601,69,UK,premium
5602,Viewer 602,51,Italy,premium
5603,Viewer 603,67,France,premium
5604,Viewer 604,43,Italy,premium
5605,Viewer 605,19,Germany,free
5606,Viewer 606,21,Spain,premium
5607,Viewer 607,69,Spain,free
5608,Viewer 608,21,Spain,free
5609,Viewer 609,17,UK,premium
5610,Viewer 610,77,Spain,premium
5611,Viewer 611,40,Spain,free
5612,Viewer 612,23,Spain,premium
5613,Viewer 613,48,France,free
5614,Viewer 614,30,Italy,premium
5615,Viewer 615,34,France,premium
5616,Viewer 616,19,Spain,premium
5617,Viewer 617,23,USA,premium
5618,Viewer 618,32,Germany,premium
5619,Viewer 619,26,Spain,premium
5620,Viewer 620,57,USA,premium
5621,Viewer 621,50,USA,premium
5622,Viewer 622,44,UK,free
5623,Viewer 623,51,Germany,premium
5624,Viewer 624,47,UK,premium
5625,Viewer 625,54,UK,free
5626,Viewer 626,16,Germany,premium
5627,Viewer 627,58,UK,free
5628,Viewer 628,55,Italy,free
5629,Viewer 629,57,France,free
5630,Viewer 630,38,France,free
5631,Viewer 631,34,Italy,premium
5632,Viewer 632,17,Spain,free
5633,Viewer 633,77,France,free
5634,Viewer 634,53,USA,free
5635,Viewer 635,52,USA,free
5636,Viewer 636,52,Germany,free
5637,Viewer 637,17,France,premium
5638,Viewer 638,22,Italy,premium
5639,Viewer 639,53,Germany,free
5640,Viewer 640,67,UK,premium
5641,Viewer 641,75,Italy,premium
5642,Viewer 642,49,Germany,free
5643,Viewer 643,77,Spain,free
5644,Viewer 644,20,Italy,free
5645,Viewer 645,36,France,free
5646,Viewer 646,44,USA,free
5647,Viewer 647,27,UK,premium
5648,Viewer 648,75,USA,free
5649,Viewer 649,23,Italy,free
5650,Viewer 650,18,USA,premium
5651,Viewer 651,61,UK,free
5652,Viewer 652,64,UK,free
5653,Viewer 653,53,Spain,premium
5654,Viewer 654,50,UK,free
5655,Viewer 655,57,Spain,premium
5656,Viewer 656,41,Italy,premium
5657,Viewer 657,58,Germany,premium
5658,Viewer 658,61,Germany,free
5659,Viewer 659,47,Spain,premium
5660,Viewer 660,53,Italy,premium
5661,Viewer 661,36,Germany,premium
5662,Viewer 662,36,USA,free
5663,Viewer 663,48,Spain,free
5664,Viewer 664,33,USA,premium
5665,Viewer 665,52,USA,premium
5666,Viewer 666,20,USA,free
5667,Viewer 667,52,Spain,free
5668,Viewer 668,75,Spain,free
5669,Viewer 669,41,Spain,premium
5670,Viewer 670,56,USA,premium
5671,Viewer 671,54,Italy,premium
5672,Viewer 672,36,UK,free
5673,Viewer 673,63,France,free
5674,Viewer 674,42,France,free
5675,Viewer 675,34,France,premium
5676,Viewer 676,76,France,premium
5677,Viewer 677,52,UK,free
5678,Viewer 678,44,Germany,free
5679,Viewer 679,40,Spain,premium
5680,Viewer 680,75,France,free
5681,Viewer 681,58,Italy,premium
5682,Viewer 682,79,Germany,free
5683,Viewer 683,54,Germany,free
5684,Viewer 684,58,Germany,free
5685,Viewer 685,41,Italy,premium
5686,Viewer 686,48,France,premium
5687,Viewer 687,52,UK,premium
5688,Viewer 688,70,Germany,premium
5689,Viewer 689,62,UK,free
5690,Viewer 690,48,Italy,free
5691,Viewer 691,44,Italy,premium
5692,Viewer 692,77,USA,free
5693,Viewer 693,58,UK,premium
5694,Viewer 694,38,USA,free
5695,Viewer 695,25,France,free
5696,Viewer 696,53,Spain,premium
5697,Viewer 697,73,France,premium
5698,Viewer 698,35,USA,free
5699,Viewer 699,25,Spain,free
5700,Viewer 700,46,France,free
5701,Viewer 701,64,Italy,premium
5702,Viewer 702,68,France,free
5703,Viewer 703,23,Italy,premium
5704,Viewer 704,26,Spain,free
5705,Viewer 705,26,France,free
5706,Viewer 706,29,Italy,free
5707,Viewer 707,71,USA,free
5708,Viewer 708,39,UK,free
5709,Viewer 709,62,USA,free
5710,Viewer 710,43,Germany,free
5711,Viewer 711,32,France,free
5712,Viewer 712,38,Germany,premium
5713,Viewer 713,52,Germany,free
5714,Viewer 714,62,Germany,premium
5715,Viewer 715,60,France,free
5716,Viewer 716,60,France,free
5717,Viewer 717,59,France,premium
5718,Viewer 718,26,USA,premium
5719,Viewer 719,42,Germany,free
5720,Viewer 720,31,Spain,premium
5721,Viewer 721,32,UK,premium
5722,Viewer 722,43,UK,premium
5723,Viewer 723,72,France,free
5724,Viewer 724,19,Spain,free
5725,Viewer 725,45,UK,premium
5726,Viewer 726,35,Germany,premium
5727,Viewer 727,29,Germany,free
5728,Viewer 728,78,Spain,free
5729,Viewer 729,48,Spain,premium
5730,Viewer 730,79,Germany,premium
5731,Viewer 731,51,Spain,premium
5732,Viewer 732,52,USA,premium
5733,Viewer 733,34,UK,free
5734,Viewer 734,19,UK,free
5735,Viewer 735,70,France,free
5736,Viewer 736,72,Italy,premium
5737,Viewer 737,16,Spain,premium
5738,Viewer 738,38,Spain,free
5739,Viewer 739,74,Italy,premium
5740,Viewer 740,53,Spain,free
5741,Viewer 741,17,France,premium
5742,Viewer 742,36,France,free
5743,Viewer 743,74,USA,free
5744,Viewer 744,74,France,premium
5745,Viewer 745,56,Spain,free
5746,Viewer 746,64,Italy,free
5747,Viewer 747,44,Germany,premium
5748,Viewer 748,72,Italy,premium
5749,Viewer 749,23,UK,premium
5750,Viewer 750,43,Spain,free
5751,Viewer 751,57,Germany,free
5752,Viewer 752,47,Spain,free
5753,Viewer 753,39,Germany,free
5754,Viewer 754,43,Italy,free
5755,Viewer 755,42,Germany,free
5756,Viewer 756,64,USA,free
5757,Viewer 757,18,USA,premium
5758,Viewer 758,77,Spain,free
5759,Viewer 759,30,Italy,premium
5760,Viewer 760,22,France,free
5761,Viewer 761,39,Germany,premium
5762,Viewer 762,70,Italy,premium
5763,Viewer 763,38,UK,free
5764,Viewer 764,30,Germany,premium
5765,Viewer 765,66,Spain,premium
5766,Viewer 766,64,Germany,free
5767,Viewer 767,68,USA,free
5768,Viewer 768,66,France,free
5769,Viewer 769,51,France,premium
5770,Viewer 770,79,Germany,premium
5771,Viewer 771,72,USA,free
5772,Viewer 772,60,Spain,free
5773,Viewer 773,17,UK,premium
5774,Viewer 774,54,UK,premium
5775,Viewer 775,52,Germany,premium
5776,Viewer 776,50,France,premium
5777,Viewer 777,20,UK,free
5778,Viewer 778,24,France,free
5779,Viewer 779,66,Germany,premium
5780,Viewer 780,60,Germany,free
5781,Viewer 781,46,USA,premium
5782,Viewer 782,36,Spain,premium
5783,Viewer 783,73,Italy,premium
5784,Viewer 784,59,France,premium
5785,Viewer 785,40,USA,free
5786,Viewer 786,20,USA,premium
5787,Viewer 787,56,Germany,free
5788,Viewer 788,61,UK,free
5789,Viewer 789,41,UK,premium
5790,Viewer 790,30,France,premium
5791,Viewer 791,63,Spain,premium
5792,Viewer 792,37,USA,free
5793,Viewer 793,68,France,premium
5794,Viewer 794,47,Spain,premium
5795,Viewer 795,23,USA,premium
5796,Viewer 796,56,Spain,free
5797,Viewer 797,52,USA,premium
5798,Viewer 798,33,UK,free
5799,Viewer 799,57,USA,premium
